ID da Venda,Data da Venda,ID do Item,Quantidade Vendida,Preço Unitário da Venda,Canal de Venda,Total da Venda (R$)
1,2026-03-10 11:47:08.769636,123,3,64.62,Online,193.86
2,2026-03-14 11:47:08.769709,120,1,186.44,Loja Física,186.44
3,2026-03-29 11:47:08.769719,176,18,197.18,Online,3549.2400000000002
4,2026-04-26 11:47:08.769724,107,2,114.06,Online,228.12
5,2026-03-20 11:47:08.769729,188,12,74.51,Telemarketing,894.1200000000001
6,2026-05-01 11:47:08.769734,157,14,192.01,Online,2688.14
7,2026-03-27 11:47:08.769739,198,4,161.42,Online,645.68
8,2026-04-30 11:47:08.769743,115,18,113.29,Online,2039.22
9,2026-03-19 11:47:08.769747,106,4,136.15,Loja Física,544.6
10,2026-03-12 11:47:08.769752,102,4,167.3,Loja Física,669.2
11,2026-04-17 11:47:08.769757,196,19,59.5,Loja Física,1130.5
12,2026-02-19 11:47:08.769761,159,7,24.87,Loja Física,174.09
13,2026-03-14 11:47:08.769766,189,10,104.45,Telemarketing,1044.5
14,2026-04-12 11:47:08.769770,133,11,90.05,Loja Física,990.55
15,2026-03-28 11:47:08.769774,151,5,39.61,Telemarketing,198.05
16,2026-03-03 11:47:08.769779,167,9,81.68,Online,735.1200000000001
17,2026-03-13 11:47:08.769783,140,10,100.65,Loja Física,1006.5
18,2026-04-13 11:47:08.769788,155,14,98.77,Loja Física,1382.78
19,2026-03-03 11:47:08.769792,193,4,111.78,Loja Física,447.12
20,2026-03-12 11:47:08.769796,159,16,101.74,Online,1627.84
21,2026-05-13 11:47:08.769801,115,18,165.87,Loja Física,2985.66
22,2026-04-11 11:47:08.769805,128,7,11.64,Loja Física,81.48
23,2026-03-02 11:47:08.769810,114,12,191.13,Telemarketing,2293.56
24,2026-02-18 11:47:08.769814,158,9,24.03,Loja Física,216.27
25,2026-03-31 11:47:08.769818,101,12,8.2,Online,98.39999999999999
26,2026-04-15 11:47:08.769823,109,16,192.13,Loja Física,3074.08
27,2026-03-04 11:47:08.769827,191,3,172.36,Online,517.08
28,2026-03-18 11:47:08.769832,189,5,191.91,Online,959.55
29,2026-03-05 11:47:08.769836,182,2,198.98,Loja Física,397.96
30,2026-04-13 11:47:08.769840,141,3,117.44,Online,352.32
31,2026-03-30 11:47:08.769845,150,19,110.19,Loja Física,2093.61
32,2026-03-26 11:47:08.769866,187,10,52.81,Loja Física,528.1
33,2026-03-10 11:47:08.769875,117,2,24.66,Online,49.32
34,2026-04-19 11:47:08.769883,167,17,161.83,Telemarketing,2751.11
35,2026-03-05 11:47:08.769891,198,5,137.71,Online,688.5500000000001
36,2026-05-10 11:47:08.769898,154,17,41.16,Telemarketing,699.7199999999999
37,2026-03-17 11:47:08.769903,126,6,178.1,Telemarketing,1068.6
38,2026-02-22 11:47:08.769908,190,4,104.29,Telemarketing,417.16
39,2026-03-31 11:47:08.769912,158,11,39.83,Online,438.13
40,2026-03-25 11:47:08.769916,178,14,100.64,Online,1408.96
41,2026-04-15 11:47:08.769921,163,7,24.18,Telemarketing,169.26
42,2026-05-14 11:47:08.769925,154,15,120.56,Telemarketing,1808.4
43,2026-04-13 11:47:08.769929,110,17,163.83,Online,2785.11
44,2026-04-06 11:47:08.769934,125,3,48.91,Loja Física,146.73
45,2026-04-22 11:47:08.769938,103,3,112.08,Loja Física,336.24
46,2026-04-18 11:47:08.769942,149,8,35.3,Online,282.4
47,2026-04-21 11:47:08.769947,162,3,158.73,Telemarketing,476.18999999999994
48,2026-03-25 11:47:08.769951,178,4,60.23,Telemarketing,240.92
49,2026-02-21 11:47:08.769955,138,14,193.98,Online,2715.72
50,2026-04-26 11:47:08.769960,106,8,114.51,Telemarketing,916.08
51,2026-03-04 11:47:08.769964,101,2,79.88,Telemarketing,159.76
52,2026-04-20 11:47:08.769968,182,9,115.48,Loja Física,1039.32
53,2026-03-20 11:47:08.769973,200,1,3.8,Online,3.8
54,2026-05-10 11:47:08.769978,177,7,159.81,Loja Física,1118.67
55,2026-03-17 11:47:08.769982,176,3,122.74,Online,368.21999999999997
56,2026-03-27 11:47:08.769986,191,15,182.2,Online,2733.0
57,2026-04-13 11:47:08.769991,122,1,189.75,Telemarketing,189.75
58,2026-04-01 11:47:08.769995,167,16,162.38,Loja Física,2598.08
59,2026-03-26 11:47:08.770000,196,10,16.82,Online,168.2
60,2026-04-29 11:47:08.770004,133,8,196.08,Telemarketing,1568.64
61,2026-04-24 11:47:08.770008,144,6,148.51,Loja Física,891.06
62,2026-05-14 11:47:08.770013,111,1,145.53,Telemarketing,145.53
63,2026-03-08 11:47:08.770017,148,14,77.18,Telemarketing,1080.52
64,2026-04-23 11:47:08.770021,108,8,16.05,Online,128.4
65,2026-03-27 11:47:08.770025,128,14,95.78,Telemarketing,1340.92
66,2026-05-11 11:47:08.770030,174,2,12.16,Telemarketing,24.32
67,2026-04-03 11:47:08.770034,109,17,115.68,Online,1966.5600000000002
68,2026-02-19 11:47:08.770039,182,1,156.7,Telemarketing,156.7
69,2026-04-11 11:47:08.770043,141,11,96.65,Online,1063.15
70,2026-02-21 11:47:08.770047,106,9,101.91,Telemarketing,917.1899999999999
71,2026-05-03 11:47:08.770051,137,7,59.88,Loja Física,419.16
72,2026-02-23 11:47:08.770056,182,6,3.59,Telemarketing,21.54
73,2026-02-21 11:47:08.770060,198,15,95.27,Loja Física,1429.05
74,2026-04-07 11:47:08.770064,128,11,147.8,Online,1625.8000000000002
75,2026-02-23 11:47:08.770069,112,3,12.53,Loja Física,37.589999999999996
76,2026-02-21 11:47:08.770073,141,7,169.75,Online,1188.25
77,2026-04-20 11:47:08.770077,127,13,53.06,Online,689.78
78,2026-04-05 11:47:08.770083,149,11,89.56,Loja Física,985.1600000000001
79,2026-03-29 11:47:08.770088,166,13,98.21,Online,1276.73
80,2026-03-08 11:47:08.770092,134,6,39.09,Loja Física,234.54000000000002
81,2026-05-01 11:47:08.770096,129,17,8.54,Online,145.17999999999998
82,2026-05-01 11:47:08.770100,191,12,89.45,Loja Física,1073.4
83,2026-02-28 11:47:08.770105,200,12,46.68,Online,560.16
84,2026-03-15 11:47:08.770109,157,3,198.01,Telemarketing,594.03
85,2026-04-19 11:47:08.770113,104,2,17.92,Loja Física,35.84
86,2026-03-19 11:47:08.770118,141,5,139.69,Online,698.45
87,2026-04-16 11:47:08.770122,114,1,164.53,Loja Física,164.53
88,2026-02-25 11:47:08.770126,124,12,107.64,Online,1291.68
89,2026-04-14 11:47:08.770131,143,13,72.65,Online,944.45
90,2026-05-12 11:47:08.770135,199,8,9.83,Loja Física,78.64
91,2026-05-04 11:47:08.770139,148,15,118.98,Loja Física,1784.7
92,2026-05-09 11:47:08.770143,124,14,165.03,Loja Física,2310.42
93,2026-03-14 11:47:08.770148,102,1,44.3,Telemarketing,44.3
94,2026-03-27 11:47:08.770152,192,2,27.99,Online,55.98
95,2026-03-24 11:47:08.770156,154,7,121.41,Loja Física,849.87
96,2026-03-05 11:47:08.770160,149,12,107.95,Loja Física,1295.4
97,2026-05-13 11:47:08.770165,185,12,27.13,Loja Física,325.56
98,2026-04-01 11:47:08.770169,107,15,116.3,Online,1744.5
99,2026-03-08 11:47:08.770173,175,18,128.36,Loja Física,2310.4800000000005
100,2026-04-04 11:47:08.770178,136,18,40.64,Telemarketing,731.52
101,2026-02-19 11:47:08.770182,154,10,133.82,Telemarketing,1338.1999999999998
102,2026-04-22 11:47:08.770186,140,12,148.11,Online,1777.3200000000002
103,2026-02-22 11:47:08.770191,109,13,41.82,Online,543.66
104,2026-02-21 11:47:08.770195,110,16,49.3,Loja Física,788.8
105,2026-04-23 11:47:08.770200,175,14,151.12,Telemarketing,2115.6800000000003
106,2026-04-19 11:47:08.770205,173,2,19.24,Telemarketing,38.48
107,2026-04-24 11:47:08.770209,142,14,84.21,Telemarketing,1178.9399999999998
108,2026-04-11 11:47:08.770213,135,18,162.04,Online,2916.72
109,2026-04-29 11:47:08.770218,162,2,65.0,Telemarketing,130.0
110,2026-04-22 11:47:08.770222,175,9,25.34,Telemarketing,228.06
111,2026-02-20 11:47:08.770227,125,4,77.58,Telemarketing,310.32
112,2026-04-24 11:47:08.770231,141,11,94.88,Online,1043.6799999999998
113,2026-04-07 11:47:08.770235,169,19,43.76,Loja Física,831.4399999999999
114,2026-02-18 11:47:08.770240,172,3,2.88,Telemarketing,8.64
115,2026-03-06 11:47:08.770244,111,4,73.53,Loja Física,294.12
116,2026-03-05 11:47:08.770248,194,18,26.8,Loja Física,482.40000000000003
117,2026-03-19 11:47:08.770253,146,5,33.07,Online,165.35
118,2026-03-31 11:47:08.770257,119,17,156.87,Online,2666.79
119,2026-03-09 11:47:08.770261,111,11,88.41,Online,972.51
120,2026-04-19 11:47:08.770266,125,3,51.24,Loja Física,153.72
121,2026-02-21 11:47:08.770270,172,19,56.64,Telemarketing,1076.16
122,2026-04-23 11:47:08.770275,179,19,129.78,Loja Física,2465.82
123,2026-02-20 11:47:08.770279,141,18,184.69,Loja Física,3324.42
124,2026-04-23 11:47:08.770283,175,18,199.29,Telemarketing,3587.22
125,2026-03-27 11:47:08.770288,174,12,96.86,Online,1162.32
126,2026-03-10 11:47:08.770292,149,2,115.82,Loja Física,231.64
127,2026-04-05 11:47:08.770296,179,14,7.56,Telemarketing,105.83999999999999
128,2026-04-13 11:47:08.770300,114,6,196.96,Online,1181.76
129,2026-02-25 11:47:08.770305,172,10,198.3,Online,1983.0
130,2026-03-26 11:47:08.770309,106,15,48.58,Loja Física,728.6999999999999
131,2026-03-28 11:47:08.770314,171,9,135.83,Loja Física,1222.47
132,2026-04-21 11:47:08.770318,178,19,147.76,Telemarketing,2807.4399999999996
133,2026-03-18 11:47:08.770322,110,18,139.76,Telemarketing,2515.68
134,2026-04-14 11:47:08.770326,154,12,111.73,Online,1340.76
135,2026-04-17 11:47:08.770331,127,7,98.48,Online,689.36
136,2026-04-27 11:47:08.770335,124,2,87.24,Online,174.48
137,2026-03-25 11:47:08.770339,107,9,115.19,Telemarketing,1036.71
138,2026-05-12 11:47:08.770344,166,5,140.04,Telemarketing,700.1999999999999
139,2026-05-01 11:47:08.770348,117,5,154.1,Telemarketing,770.5
140,2026-04-27 11:47:08.770352,123,11,130.35,Loja Física,1433.85
141,2026-04-21 11:47:08.770357,134,11,37.76,Loja Física,415.35999999999996
142,2026-04-03 11:47:08.770361,149,19,168.69,Loja Física,3205.11
143,2026-04-24 11:47:08.770365,133,18,64.68,Online,1164.2400000000002
144,2026-04-14 11:47:08.770370,137,13,56.58,Loja Física,735.54
145,2026-04-04 11:47:08.770374,182,9,57.4,Loja Física,516.6
146,2026-04-13 11:47:08.770378,135,4,101.34,Telemarketing,405.36
147,2026-04-24 11:47:08.770382,170,13,141.29,Telemarketing,1836.77
148,2026-02-27 11:47:08.770387,126,15,153.23,Telemarketing,2298.45
149,2026-03-05 11:47:08.770391,139,19,141.91,Loja Física,2696.29
150,2026-05-14 11:47:08.770396,196,9,10.06,Loja Física,90.54
151,2026-04-01 11:47:08.770400,166,4,71.93,Online,287.72
152,2026-03-27 11:47:08.770404,178,6,140.77,Online,844.6200000000001
153,2026-04-25 11:47:08.770409,147,9,112.01,Online,1008.09
154,2026-03-05 11:47:08.770413,155,4,189.07,Online,756.28
155,2026-05-05 11:47:08.770425,123,8,133.29,Loja Física,1066.32
156,2026-03-01 11:47:08.770429,101,2,185.33,Online,370.66
157,2026-04-07 11:47:08.770433,131,13,56.12,Telemarketing,729.56
158,2026-03-18 11:47:08.770438,195,11,154.5,Loja Física,1699.5
159,2026-04-19 11:47:08.770442,194,16,28.03,Loja Física,448.48
160,2026-02-21 11:47:08.770446,107,15,138.6,Online,2079.0
161,2026-04-02 11:47:08.770451,188,14,126.72,Telemarketing,1774.08
162,2026-03-22 11:47:08.770455,171,6,133.77,Online,802.6200000000001
163,2026-05-11 11:47:08.770459,173,3,168.05,Loja Física,504.15000000000003
164,2026-04-17 11:47:08.770464,142,9,99.48,Online,895.32
165,2026-03-07 11:47:08.770468,182,14,137.68,Loja Física,1927.52
166,2026-04-21 11:47:08.770472,151,18,57.58,Telemarketing,1036.44
167,2026-04-24 11:47:08.770477,184,2,96.49,Online,192.98
168,2026-05-16 11:47:08.770481,104,1,177.95,Loja Física,177.95
169,2026-05-08 11:47:08.770485,152,10,138.27,Online,1382.7
170,2026-04-04 11:47:08.770489,190,13,20.17,Telemarketing,262.21000000000004
171,2026-04-22 11:47:08.770494,153,1,21.16,Telemarketing,21.16
172,2026-04-06 11:47:08.770502,190,4,93.95,Online,375.8
173,2026-05-11 11:47:08.770507,199,5,172.45,Telemarketing,862.25
174,2026-04-04 11:47:08.770511,130,11,107.98,Loja Física,1187.78
175,2026-04-28 11:47:08.770516,145,12,120.0,Loja Física,1440.0
176,2026-02-26 11:47:08.770520,198,4,126.27,Online,505.08
177,2026-04-14 11:47:08.770524,180,19,32.95,Telemarketing,626.0500000000001
178,2026-04-22 11:47:08.770529,110,13,163.78,Loja Física,2129.14
179,2026-04-24 11:47:08.770533,146,17,100.27,Telemarketing,1704.59
180,2026-04-07 11:47:08.770537,150,2,16.81,Telemarketing,33.62
181,2026-04-19 11:47:08.770541,137,11,106.2,Online,1168.2
182,2026-04-16 11:47:08.770546,144,15,23.5,Loja Física,352.5
183,2026-04-16 11:47:08.770550,130,11,147.54,Loja Física,1622.9399999999998
184,2026-04-20 11:47:08.770554,175,14,83.59,Telemarketing,1170.26
185,2026-03-28 11:47:08.770558,188,4,65.26,Online,261.04
186,2026-05-01 11:47:08.770563,152,6,29.32,Telemarketing,175.92000000000002
187,2026-03-18 11:47:08.770567,119,4,174.39,Online,697.56
188,2026-03-28 11:47:08.770571,195,16,12.33,Telemarketing,197.28
189,2026-05-11 11:47:08.770576,131,3,126.64,Telemarketing,379.92
190,2026-04-08 11:47:08.770580,198,16,137.94,Online,2207.04
191,2026-03-10 11:47:08.770584,177,6,193.51,Online,1161.06
192,2026-05-08 11:47:08.770588,184,8,70.74,Online,565.92
193,2026-04-11 11:47:08.770593,104,17,130.17,Telemarketing,2212.89
194,2026-03-17 11:47:08.770597,150,8,47.41,Telemarketing,379.28
195,2026-03-08 11:47:08.770601,173,1,59.54,Online,59.54
196,2026-02-26 11:47:08.770605,104,19,161.11,Telemarketing,3061.09
197,2026-04-11 11:47:08.770610,113,8,107.99,Telemarketing,863.92
198,2026-04-25 11:47:08.770614,194,15,2.63,Telemarketing,39.449999999999996
199,2026-02-22 11:47:08.770618,133,11,112.19,Loja Física,1234.09
200,2026-04-19 11:47:08.770623,160,11,115.86,Online,1274.46
